time,P,G(i),H_sun,T2m,WS10m,Int

20190701:0011,0.0,0.0,0.0,12.6,3.66,0.0

20190701:0111,0.0,0.0,0.0,12.33,3.59,0.0

20190701:0211,0.0,0.0,0.0,12.19,3.59,0.0

20190701:0311,0.0,0.0,0.0,12.13,3.66,0.0

20190701:0411,0.0,0.0,0.0,11.92,3.52,0.0

20190701:0511,173.0,33.73,6.91,12.0,3.45,0.0

20190701:0611,556.9,83.73,15.15,12.42,3.03,0.0

20190701:0711,975.1,131.49,23.94,13.23,5.59,0.0

20190701:0811,2308.1,285.99,32.95,13.8,5.31,0.0

20190701:0911,4272.4,515.47,41.79,14.32,4.83,0.0

20190701:1011,1965.1,247.34,49.89,14.91,4.34,0.0

20190701:1111,2147.3,269.23,56.35,15.2,3.93,0.0

20190701:1211,4714.9,576.67,59.85,15.24,3.66,0.0

20190701:1311,6065.1,748.36,59.26,15.51,3.52,0.0

20190701:1411,6696.4,831.22,54.78,15.91,3.45,0.0

20190701:1511,6007.8,741.24,47.74,16.15,3.31,0.0

20190701:1611,4577.6,562.46,39.36,16.17,3.24,0.0

20190701:1711,2601.7,329.24,30.43,15.94,3.1,0.0

20190701:1811,1189.5,188.7,21.44,15.64,2.97,0.0

20190701:1911,506.2,76.74,12.78,15.17,2.48,0.0

20190701:2011,0.8,5.9,4.76,14.8,2.0,0.0

20190701:2111,0.0,0.0,0.0,13.94,1.59,0.0

20190701:2211,0.0,0.0,0.0,13.23,1.45,0.0

20190701:2311,0.0,0.0,0.0,12.82,1.52,0.0

20190702:0011,0.0,0.0,0.0,12.24,1.66,0.0

20190702:0111,0.0,0.0,0.0,11.6,1.72,0.0

20190702:0211,0.0,0.0,0.0,11.32,1.52,0.0

20190702:0311,0.0,0.0,0.0,10.84,1.38,0.0

20190702:0411,0.0,0.0,0.0,10.29,1.31,0.0

20190702:0511,143.9,29.51,6.83,9.89,1.31,0.0

20190702:0611,652.8,93.31,15.07,10.8,1.24,0.0

20190702:0711,1409.1,185.48,23.86,12.17,2.07,0.0

20190702:0811,2789.1,346.05,32.87,13.16,2.0,0.0

20190702:0911,2792.0,344.18,41.71,13.7,2.21,0.0

20190702:1011,3825.1,469.1,49.81,14.12,2.14,0.0

20190702:1111,2924.4,362.73,56.27,14.62,1.86,0.0

20190702:1211,2099.3,265.27,59.78,14.82,1.59,0.0

20190702:1311,2352.4,295.79,59.2,15.17,1.59,0.0

20190702:1411,2239.1,282.94,54.74,15.72,1.59,0.0

20190702:1511,2730.5,341.38,47.71,15.89,1.72,0.0

20190702:1611,2285.2,287.84,39.34,15.88,1.93,0.0

20190702:1711,1879.4,241.02,30.41,15.91,2.14,0.0

20190702:1811,900.1,125.12,21.42,15.76,2.14,0.0

20190702:1911,336.9,55.66,12.75,14.97,1.93,0.0

20190702:2011,11.1,8.43,4.72,14.61,1.79,0.0

20190702:2111,0.0,0.0,0.0,14.09,1.72,0.0

20190702:2211,0.0,0.0,0.0,13.54,1.72,0.0

20190702:2311,0.0,0.0,0.0,13.19,1.66,0.0

20190703:0011,0.0,0.0,0.0,12.8,1.66,0.0

20190703:0111,0.0,0.0,0.0,12.42,1.66,0.0

20190703:0211,0.0,0.0,0.0,11.9,1.52,0.0

20190703:0311,0.0,0.0,0.0,11.53,1.38,0.0

20190703:0411,0.0,0.0,0.0,11.13,1.24,0.0

20190703:0511,174.2,33.73,6.75,10.55,1.17,0.0

20190703:0611,276.1,49.66,14.98,11.19,0.9,0.0

20190703:0711,1687.6,244.39,23.77,12.48,2.07,0.0

20190703:0811,3739.2,465.73,32.79,13.39,1.93,0.0

20190703:0911,5456.8,672.11,41.62,14.3,2.07,0.0

20190703:1011,5648.1,701.06,49.72,15.26,2.14,0.0

20190703:1111,7020.7,886.43,56.18,15.6,2.28,0.0

20190703:1211,7938.4,1021.65,59.7,16.53,2.28,0.0

20190703:1311,7862.7,1018.71,59.13,17.32,2.07,0.0

20190703:1411,7309.2,946.08,54.69,18.02,1.72,0.0

20190703:1511,6289.6,805.98,47.67,18.4,1.38,0.0

20190703:1611,4850.9,615.23,39.31,18.83,1.31,0.0

20190703:1711,3043.8,396.9,30.38,18.88,1.45,0.0

20190703:1811,1165.4,188.54,21.39,18.71,1.66,0.0

20190703:1911,357.3,59.03,12.71,18.38,2.14,0.0

20190703:2011,92.7,22.77,4.68,17.17,1.93,0.0

20190703:2111,0.0,0.0,0.0,15.54,1.86,0.0

20190703:2211,0.0,0.0,0.0,14.21,1.72,0.0

20190703:2311,0.0,0.0,0.0,13.13,1.52,0.0

20190704:0011,0.0,0.0,0.0,11.91,1.1,0.0

20190704:0111,0.0,0.0,0.0,11.75,0.76,0.0

20190704:0211,0.0,0.0,0.0,11.92,0.28,0.0

20190704:0311,0.0,0.0,0.0,11.53,0.14,0.0

20190704:0411,0.0,0.0,0.0,11.08,0.21,0.0

20190704:0511,186.4,35.42,6.65,10.67,0.14,0.0

20190704:0611,477.0,73.32,14.89,10.97,0.0,0.0

20190704:0711,1659.6,236.76,23.68,13.21,0.55,0.0

20190704:0811,3230.9,407.47,32.7,14.94,0.9,0.0

20190704:0911,5028.8,633.21,41.53,16.32,0.9,0.0

20190704:1011,6331.7,813.55,49.63,17.68,1.1,0.0

20190704:1111,6605.4,857.22,56.09,18.78,1.31,0.0

20190704:1211,6252.1,808.28,59.61,19.63,1.59,0.0

20190704:1311,7017.7,914.69,59.06,20.25,1.93,0.0

20190704:1411,7086.7,918.22,54.63,20.61,2.28,0.0

20190704:1511,5696.2,723.02,47.63,20.78,2.55,0.0

20190704:1611,4284.2,539.43,39.27,20.65,2.76,0.0

20190704:1711,2329.6,301.14,30.34,19.95,2.9,0.0

20190704:1811,1245.9,184.9,21.35,18.86,2.62,0.0

20190704:1911,424.9,67.46,12.67,17.91,2.41,0.0

20190704:2011,0.7,5.9,4.64,16.82,2.34,0.0

20190704:2111,0.0,0.0,0.0,15.51,2.14,0.0

20190704:2211,0.0,0.0,0.0,14.37,2.07,0.0

20190704:2311,0.0,0.0,0.0,13.46,2.0,0.0

20190705:0011,0.0,0.0,0.0,12.83,1.86,0.0

20190705:0111,0.0,0.0,0.0,12.23,1.72,0.0

20190705:0211,0.0,0.0,0.0,11.65,1.59,0.0

20190705:0311,0.0,0.0,0.0,11.05,1.45,0.0

20190705:0411,0.0,0.0,0.0,10.42,1.45,0.0

20190705:0511,168.5,32.89,6.56,9.99,1.31,0.0

20190705:0611,273.8,48.2,14.79,11.09,1.03,0.0

20190705:0711,1632.8,238.66,23.59,12.84,1.59,0.0

20190705:0811,3630.7,454.54,32.6,14.24,1.79,0.0

20190705:0911,4735.2,584.26,41.44,15.26,2.0,0.0

20190705:1011,4458.2,553.35,49.53,16.44,2.0,0.0

20190705:1111,2732.7,342.72,55.99,16.75,2.07,0.0

20190705:1211,2944.0,368.44,59.52,17.12,2.34,0.0

20190705:1311,2880.7,361.19,58.98,17.59,2.55,0.0

20190705:1411,2011.7,257.42,54.57,18.03,2.76,0.0

20190705:1511,1708.2,221.63,47.58,18.4,2.83,0.0

20190705:1611,1493.7,196.26,39.22,18.64,2.97,0.0

20190705:1711,1200.3,161.32,30.3,18.36,2.97,0.0

20190705:1811,1105.3,153.8,21.31,18.08,2.9,0.0

20190705:1911,445.3,69.99,12.62,17.73,2.0,0.0

20190705:2011,7.2,7.59,4.58,17.27,2.28,0.0

20190705:2111,0.0,0.0,0.0,16.48,2.28,0.0

20190705:2211,0.0,0.0,0.0,15.82,2.34,0.0

20190705:2311,0.0,0.0,0.0,15.31,2.41,0.0

20190706:0011,0.0,0.0,0.0,14.76,2.34,0.0

20190706:0111,0.0,0.0,0.0,14.35,2.28,0.0

20190706:0211,0.0,0.0,0.0,13.99,2.21,0.0

20190706:0311,0.0,0.0,0.0,13.66,2.0,0.0

20190706:0411,0.0,0.0,0.0,13.45,2.07,0.0

20190706:0511,47.0,15.18,6.46,13.26,1.93,0.0

20190706:0611,359.0,58.06,14.69,13.4,2.48,0.0

20190706:0711,744.5,104.92,23.49,13.82,2.76,0.0

20190706:0811,785.4,109.78,32.5,14.06,2.55,0.0

20190706:0911,2051.2,257.77,41.34,14.17,2.28,0.0

20190706:1011,905.9,124.29,49.43,14.53,2.21,0.0

20190706:1111,751.1,106.15,55.89,14.75,1.72,0.0

20190706:1211,918.7,126.11,59.42,14.88,1.66,0.0

20190706:1311,1000.8,136.09,58.89,15.27,1.45,0.0

20190706:1411,1883.8,240.75,54.5,15.72,1.52,0.0

20190706:1511,1472.6,192.33,47.52,16.18,1.72,0.0

20190706:1611,1077.9,146.06,39.17,16.78,1.66,0.0

20190706:1711,2047.8,263.76,30.25,16.98,1.45,0.0

20190706:1811,302.7,51.71,21.26,16.91,1.1,0.0

20190706:1911,56.0,16.87,12.57,16.23,0.97,0.0

20190706:2011,0.0,5.06,4.53,16.04,0.69,0.0

20190706:2111,0.0,0.0,0.0,15.76,0.34,0.0

20190706:2211,0.0,0.0,0.0,15.48,0.62,0.0

20190706:2311,0.0,0.0,0.0,15.21,0.76,0.0

20190707:0011,0.0,0.0,0.0,14.74,0.83,0.0

20190707:0111,0.0,0.0,0.0,14.35,0.76,0.0

20190707:0211,0.0,0.0,0.0,14.26,0.41,0.0

20190707:0311,0.0,0.0,0.0,14.19,0.41,0.0

20190707:0411,0.0,0.0,0.0,13.72,0.76,0.0

20190707:0511,7.5,7.59,6.35,13.62,1.1,0.0

20190707:0611,46.9,15.18,14.59,13.45,1.45,0.0

20190707:0711,1423.2,189.3,23.39,12.77,1.86,0.0

20190707:0811,3565.2,443.19,32.4,12.85,1.79,0.0

20190707:0911,5497.6,676.52,41.23,13.11,1.59,0.0

20190707:1011,5844.1,726.83,49.32,13.87,1.52,0.0

20190707:1111,5659.6,713.09,55.78,15.02,1.1,0.0

20190707:1211,4799.0,604.54,59.31,15.95,0.9,0.0

20190707:1311,2819.8,355.92,58.79,16.81,0.97,0.0

20190707:1411,3709.1,467.64,54.42,17.62,0.97,0.0

20190707:1511,3691.4,464.87,47.46,17.84,1.03,0.0

20190707:1611,3018.6,380.94,39.12,17.93,1.17,0.0

20190707:1711,2970.1,384.96,30.2,17.98,1.45,0.0

20190707:1811,1209.4,185.22,21.21,18.06,1.52,0.0

20190707:1911,338.8,56.5,12.51,17.51,1.24,0.0

20190707:2011,66.0,18.55,4.46,16.9,1.03,0.0

20190707:2111,0.0,0.0,0.0,15.65,1.03,0.0

20190707:2211,0.0,0.0,0.0,14.9,0.69,0.0

20190707:2311,0.0,0.0,0.0,14.8,0.48,0.0

20190708:0011,0.0,0.0,0.0,12.7,1.03,0.0

20190708:0111,0.0,0.0,0.0,12.3,1.45,0.0

20190708:0211,0.0,0.0,0.0,12.0,1.45,0.0

20190708:0311,0.0,0.0,0.0,11.76,1.45,0.0

20190708:0411,0.0,0.0,0.0,11.68,1.45,0.0

20190708:0511,4.1,6.75,6.24,11.84,1.24,0.0

20190708:0611,293.9,49.75,14.48,12.67,1.1,0.0

20190708:0711,557.7,82.56,23.28,13.58,1.45,0.0

20190708:0811,821.3,114.31,32.29,14.34,1.66,0.0

20190708:0911,1119.2,149.69,41.12,14.75,1.59,0.0

20190708:1011,971.9,132.46,49.21,15.03,1.72,0.0

20190708:1111,1031.5,139.71,55.67,15.41,1.72,0.0

20190708:1211,1552.0,201.41,59.2,15.81,1.72,0.0

20190708:1311,1463.5,191.43,58.69,16.33,1.66,0.0

20190708:1411,1805.7,232.58,54.34,16.97,1.72,0.0

20190708:1511,2043.4,261.47,47.39,17.2,1.38,0.0

20190708:1611,1691.4,219.8,39.06,17.64,1.38,0.0

20190708:1711,1481.8,195.36,30.14,17.68,1.31,0.0

20190708:1811,605.3,89.82,21.15,17.76,1.45,0.0

20190708:1911,437.5,69.15,12.45,17.76,0.41,0.0

20190708:2011,65.9,18.55,4.39,17.26,0.83,0.0

20190708:2111,0.0,0.0,0.0,16.46,0.97,0.0

20190708:2211,0.0,0.0,0.0,15.72,1.03,0.0

20190708:2311,0.0,0.0,0.0,14.82,1.24,0.0

20190709:0011,0.0,0.0,0.0,14.03,1.24,0.0

20190709:0111,0.0,0.0,0.0,13.47,1.17,0.0

20190709:0211,0.0,0.0,0.0,12.94,1.24,0.0

20190709:0311,0.0,0.0,0.0,12.61,1.17,0.0

20190709:0411,0.0,0.0,0.0,12.34,1.1,0.0

20190709:0511,124.1,26.98,6.12,12.44,0.97,0.0

20190709:0611,585.3,86.01,14.37,13.58,0.55,0.0

20190709:0711,1336.9,180.57,23.17,14.95,0.76,0.0

20190709:0811,3132.5,397.09,32.18,16.07,1.03,0.0

20190709:0911,4448.5,557.93,41.01,17.26,1.24,0.0

20190709:1011,5455.2,689.17,49.09,18.79,1.93,0.0

20190709:1111,3641.3,459.66,55.54,19.71,2.0,0.0

20190709:1211,4089.6,517.74,59.08,20.32,2.07,0.0

20190709:1311,4187.5,531.13,58.59,20.92,2.21,0.0

20190709:1411,5041.5,643.74,54.25,21.13,1.93,0.0

20190709:1511,5450.3,698.55,47.31,21.59,1.86,0.0

20190709:1611,3069.0,392.27,38.99,21.49,1.66,0.0

20190709:1711,1551.5,206.98,30.08,21.37,1.66,0.0

20190709:1811,1179.5,182.37,21.08,20.89,1.31,0.0

20190709:1911,136.2,29.51,12.38,19.89,1.17,0.0

20190709:2011,55.0,16.87,4.31,19.08,1.17,0.0

20190709:2111,0.0,0.0,0.0,18.15,1.24,0.0

20190709:2211,0.0,0.0,0.0,17.13,1.52,0.0

20190709:2311,0.0,0.0,0.0,16.42,1.66,0.0

20190710:0011,0.0,0.0,0.0,15.97,1.52,0.0

20190710:0111,0.0,0.0,0.0,15.6,1.31,0.0

20190710:0211,0.0,0.0,0.0,15.08,1.1,0.0

20190710:0311,0.0,0.0,0.0,14.78,1.03,0.0

20190710:0411,0.0,0.0,0.0,14.62,1.24,0.0

20190710:0511,152.4,31.2,6.0,14.47,1.59,0.0

20190710:0611,514.1,77.58,14.25,14.6,1.72,0.0

20190710:0711,800.2,112.18,23.05,15.13,2.34,0.0

20190710:0811,1163.0,155.15,32.07,15.88,2.97,0.0

20190710:0911,1330.1,175.1,40.89,16.27,2.83,0.0

20190710:1011,1134.5,152.42,48.97,16.69,2.62,0.0

20190710:1111,2386.2,301.81,55.42,17.55,2.41,0.0

20190710:1211,2346.3,298.1,58.95,18.26,2.41,0.0

20190710:1311,1665.8,217.74,58.47,19.52,2.76,0.0

20190710:1411,868.1,122.48,54.15,20.05,3.17,0.0

20190710:1511,786.3,112.5,47.23,19.84,3.1,0.0

20190710:1611,440.4,69.86,38.92,19.66,2.97,0.0

20190710:1711,285.5,49.9,30.0,19.36,2.62,0.0

20190710:1811,306.5,52.62,21.01,19.08,2.0,0.0

20190710:1911,366.0,59.87,12.3,17.26,2.07,0.0

20190710:2011,0.0,3.37,4.23,16.99,2.14,0.0

20190710:2111,0.0,0.0,0.0,16.49,2.34,0.0

20190710:2211,0.0,0.0,0.0,15.9,2.48,0.0

20190710:2311,0.0,0.0,0.0,15.59,2.76,0.0

20190711:0011,0.0,0.0,0.0,15.28,2.69,0.0

20190711:0111,0.0,0.0,0.0,15.17,2.76,0.0

20190711:0211,0.0,0.0,0.0,15.05,2.69,0.0

20190711:0311,0.0,0.0,0.0,15.03,2.76,0.0

20190711:0411,0.0,0.0,0.0,15.09,2.76,0.0

20190711:0511,61.5,17.71,5.88,15.2,2.69,0.0

20190711:0611,232.3,42.16,14.13,15.34,2.55,0.0

20190711:0711,855.8,119.11,22.93,15.76,2.83,0.0

20190711:0811,1757.1,225.61,31.95,16.11,2.55,0.0

20190711:0911,1794.1,229.87,40.77,16.41,2.55,0.0

20190711:1011,3448.8,428.28,48.85,16.9,2.41,0.0

20190711:1111,1987.8,254.38,55.29,17.79,2.69,0.0

20190711:1211,4341.4,541.58,58.82,18.66,3.03,0.0

20190711:1311,5187.5,650.25,58.35,19.53,3.31,0.0

20190711:1411,3975.9,498.02,54.05,20.15,3.38,0.0

20190711:1511,4185.0,521.76,47.14,20.12,3.79,0.0

20190711:1611,4450.5,553.49,38.84,19.65,3.86,0.0

20190711:1711,2602.9,333.64,29.93,19.13,3.72,0.0

20190711:1811,1163.9,162.81,20.93,18.32,3.1,0.0

20190711:1911,431.6,68.3,12.22,18.0,2.83,0.0

20190711:2011,0.0,5.06,4.14,17.43,2.9,0.0

20190711:2111,0.0,0.0,0.0,16.88,2.69,0.0

20190711:2211,0.0,0.0,0.0,16.04,2.62,0.0

20190711:2311,0.0,0.0,0.0,15.5,2.76,0.0

20190712:0011,0.0,0.0,0.0,14.99,2.97,0.0

20190712:0111,0.0,0.0,0.0,14.66,3.1,0.0

20190712:0211,0.0,0.0,0.0,14.39,2.9,0.0

20190712:0311,0.0,0.0,0.0,14.13,2.97,0.0

20190712:0411,0.0,0.0,0.0,13.96,2.9,0.0

20190712:0511,41.9,14.34,5.75,13.85,3.1,0.0

20190712:0611,502.9,75.89,14.0,13.89,3.24,0.0

20190712:0711,1324.2,176.86,22.81,14.26,3.59,0.0

20190712:0811,2101.7,263.84,31.83,14.69,4.07,0.0

20190712:0911,2390.6,296.86,40.65,15.07,4.07,0.0

20190712:1011,3170.4,389.5,48.72,15.77,4.07,0.0

20190712:1111,4911.6,602.38,55.15,16.34,3.86,0.0

20190712:1211,2993.6,371.99,58.69,17.07,3.72,0.0

20190712:1311,2372.3,299.02,58.23,17.44,3.38,0.0

20190712:1411,2010.7,256.54,53.94,17.71,3.24,0.0

20190712:1511,2810.5,351.42,47.05,17.94,3.38,0.0

20190712:1611,2637.5,330.6,38.75,17.77,3.24,0.0

20190712:1711,1493.7,195.58,29.85,17.58,3.38,0.0

20190712:1811,519.3,78.93,20.85,17.24,3.17,0.0

20190712:1911,309.0,52.28,12.13,15.99,2.9,0.0

20190712:2011,0.0,4.22,4.04,15.65,2.83,0.0

20190712:2111,0.0,0.0,0.0,15.28,2.76,0.0

20190712:2211,0.0,0.0,0.0,14.92,2.76,0.0

20190712:2311,0.0,0.0,0.0,14.54,2.69,0.0

20190713:0011,0.0,0.0,0.0,14.23,2.69,0.0

20190713:0111,0.0,0.0,0.0,13.97,2.48,0.0

20190713:0211,0.0,0.0,0.0,13.56,2.21,0.0

20190713:0311,0.0,0.0,0.0,13.19,2.14,0.0

20190713:0411,0.0,0.0,0.0,12.68,2.07,0.0

20190713:0511,0.0,4.22,5.62,12.46,2.14,0.0

20190713:0611,554.6,81.8,13.88,12.83,3.17,0.0

20190713:0711,804.6,111.86,22.68,13.31,3.1,0.0

20190713:0811,1251.9,164.28,31.7,14.02,3.03,0.0

20190713:0911,1796.0,228.08,40.52,14.82,3.17,0.0

20190713:1011,2666.6,330.77,48.58,15.3,3.03,0.0

20190713:1111,4406.5,542.87,55.01,15.82,2.69,0.0

20190713:1211,4054.7,502.85,58.54,16.82,2.55,0.0

20190713:1311,7095.1,903.73,58.09,17.54,2.48,0.0

20190713:1411,6968.7,885.95,53.82,18.34,2.62,0.0

20190713:1511,5856.4,734.18,46.95,18.67,2.76,0.0

20190713:1611,4208.1,525.16,38.66,19.16,2.9,0.0

20190713:1711,2827.4,364.43,29.76,19.14,2.9,0.0

20190713:1811,1212.2,179.81,20.76,18.91,2.76,0.0

20190713:1911,432.5,68.3,12.04,17.52,2.48,0.0

20190713:2011,60.8,17.71,3.94,17.04,2.0,0.0

20190713:2111,0.0,0.0,0.0,16.35,1.72,0.0

20190713:2211,0.0,0.0,0.0,15.79,1.72,0.0

20190713:2311,0.0,0.0,0.0,15.0,1.72,0.0

20190714:0011,0.0,0.0,0.0,14.34,1.72,0.0

20190714:0111,0.0,0.0,0.0,13.72,1.72,0.0

20190714:0211,0.0,0.0,0.0,13.1,1.72,0.0

20190714:0311,0.0,0.0,0.0,12.53,1.72,0.0

20190714:0411,0.0,0.0,0.0,11.95,1.72,0.0

20190714:0511,130.7,27.83,5.48,11.51,1.66,0.0

20190714:0611,382.4,60.72,13.74,12.02,1.45,0.0

20190714:0711,1561.9,228.17,22.55,12.6,2.07,0.0

20190714:0811,3539.4,442.57,31.57,13.76,1.79,0.0

20190714:0911,5315.6,658.98,40.39,15.13,1.72,0.0

20190714:1011,6615.5,837.92,48.44,16.54,1.72,0.0

20190714:1111,7444.9,966.15,54.86,17.86,1.66,0.0

20190714:1211,7729.4,1016.89,58.39,19.02,1.66,0.0

20190714:1311,7698.3,1015.68,57.95,19.94,1.72,0.0

20190714:1411,7247.5,950.55,53.7,20.72,1.72,0.0

20190714:1511,6215.2,805.09,46.84,21.39,1.59,0.0

20190714:1611,4715.8,603.38,38.56,21.57,1.59,0.0

20190714:1711,3040.2,400.69,29.66,21.42,1.72,0.0

20190714:1811,1104.0,185.02,20.66,20.99,2.07,0.0

20190714:1911,296.3,51.44,11.94,19.92,2.48,0.0

20190714:2011,60.3,17.71,3.84,18.47,2.34,0.0

20190714:2111,0.0,0.0,0.0,16.93,1.93,0.0

20190714:2211,0.0,0.0,0.0,15.78,1.66,0.0

20190714:2311,0.0,0.0,0.0,14.9,1.59,0.0

20190715:0011,0.0,0.0,0.0,14.05,1.45,0.0

20190715:0111,0.0,0.0,0.0,13.24,1.38,0.0

20190715:0211,0.0,0.0,0.0,12.41,1.17,0.0

20190715:0311,0.0,0.0,0.0,11.38,0.97,0.0

20190715:0411,0.0,0.0,0.0,10.76,0.55,0.0

20190715:0511,131.2,27.83,5.34,10.62,0.48,0.0

20190715:0611,403.6,63.24,13.61,11.38,0.48,0.0

20190715:0711,1556.4,226.84,22.42,12.36,0.83,0.0

20190715:0811,3500.2,439.64,31.43,13.44,1.03,0.0

20190715:0911,4603.4,572.63,40.25,15.55,1.31,0.0

20190715:1011,6269.7,796.32,48.3,17.5,1.66,0.0

20190715:1111,6841.7,882.19,54.71,19.3,2.0,0.0

20190715:1211,6053.0,769.4,58.24,20.69,3.1,0.0

20190715:1311,3599.0,453.93,57.81,21.52,3.72,0.0

20190715:1411,3755.6,471.79,53.57,21.19,3.86,0.0

20190715:1511,5019.1,628.04,46.73,20.92,3.86,0.0

20190715:1611,4827.9,602.83,38.46,20.45,3.79,0.0

20190715:1711,1928.3,250.6,29.56,20.03,3.59,0.0

20190715:1811,983.9,138.64,20.56,19.56,3.24,0.0

20190715:1911,55.2,16.87,11.83,18.55,2.69,0.0

20190715:2011,0.0,2.53,3.72,17.75,2.34,0.0

20190715:2111,0.0,0.0,0.0,16.86,2.21,0.0

20190715:2211,0.0,0.0,0.0,16.19,2.14,0.0

20190715:2311,0.0,0.0,0.0,15.59,2.14,0.0

20190716:0011,0.0,0.0,0.0,15.05,2.0,0.0

20190716:0111,0.0,0.0,0.0,14.64,1.93,0.0

20190716:0211,0.0,0.0,0.0,14.23,1.86,0.0

20190716:0311,0.0,0.0,0.0,14.03,1.72,0.0

20190716:0411,0.0,0.0,0.0,13.95,1.66,0.0

20190716:0511,77.8,20.24,5.2,14.17,1.59,0.0

20190716:0611,486.6,74.21,13.47,14.61,1.93,0.0

20190716:0711,1430.6,196.09,22.28,15.21,1.59,0.0

20190716:0811,2359.0,298.75,31.3,15.8,1.59,0.0

20190716:0911,1184.8,158.77,40.11,16.79,1.66,0.0

20190716:1011,640.7,94.35,48.15,18.45,1.86,0.0

20190716:1111,2954.8,372.78,54.55,19.19,2.48,0.0

20190716:1211,3091.8,388.1,58.08,18.97,3.1,0.0

20190716:1311,3475.4,435.52,57.65,19.27,3.03,0.0

20190716:1411,3138.3,394.72,53.44,19.82,3.24,0.0

20190716:1511,526.6,80.74,46.61,20.05,3.24,0.0

20190716:1611,2544.5,323.51,38.35,20.28,2.97,0.0

20190716:1711,1404.4,187.63,29.46,20.34,2.41,0.0

20190716:1811,1041.0,147.42,20.45,20.0,2.0,0.0

20190716:1911,428.3,68.3,11.72,19.17,1.38,0.0

20190716:2011,0.0,3.37,3.6,18.52,1.31,0.0

20190716:2111,0.0,0.0,0.0,17.47,1.38,0.0

20190716:2211,0.0,0.0,0.0,16.48,1.24,0.0

20190716:2311,0.0,0.0,0.0,15.53,1.31,0.0

20190717:0011,0.0,0.0,0.0,14.77,1.31,0.0

20190717:0111,0.0,0.0,0.0,14.28,1.24,0.0

20190717:0211,0.0,0.0,0.0,14.06,1.45,0.0

20190717:0311,0.0,0.0,0.0,14.04,1.72,0.0

20190717:0411,0.0,0.0,0.0,13.92,1.93,0.0

20190717:0511,0.0,3.37,5.05,13.54,2.14,0.0

20190717:0611,517.4,77.58,13.32,13.48,2.28,0.0

20190717:0711,322.4,53.53,22.14,13.78,2.9,0.0

20190717:0811,1852.0,234.62,31.16,14.26,3.17,0.0

20190717:0911,782.1,109.78,39.96,15.17,3.45,0.0

20190717:1011,1392.1,181.45,48.0,15.48,3.72,0.0

20190717:1111,3186.0,390.7,54.39,15.56,4.48,0.0

20190717:1211,3059.3,377.25,57.91,16.18,4.34,0.0

20190717:1311,955.9,130.64,57.5,16.15,4.62,0.0

20190717:1411,1636.3,210.48,53.29,16.31,4.28,0.0

20190717:1511,2750.8,342.59,46.48,17.05,3.52,0.0

20190717:1611,3087.7,384.28,38.23,17.88,3.31,0.0

20190717:1711,1840.7,237.41,29.34,17.62,3.45,0.0

20190717:1811,848.2,119.5,20.34,16.88,3.31,0.0

20190717:1911,109.8,25.3,11.6,16.75,3.59,0.0

20190717:2011,27.5,11.81,3.48,15.93,3.38,0.0

20190717:2111,0.0,0.0,0.0,15.24,3.31,0.0

20190717:2211,0.0,0.0,0.0,14.71,2.97,0.0

20190717:2311,0.0,0.0,0.0,14.35,2.62,0.0

20190718:0011,0.0,0.0,0.0,14.02,2.41,0.0

20190718:0111,0.0,0.0,0.0,13.44,2.48,0.0

20190718:0211,0.0,0.0,0.0,13.11,2.62,0.0

20190718:0311,0.0,0.0,0.0,12.87,2.62,0.0

20190718:0411,0.0,0.0,0.0,12.68,2.55,0.0

20190718:0511,95.3,22.77,4.89,12.5,2.55,0.0

20190718:0611,477.1,72.52,13.18,12.92,2.34,0.0

20190718:0711,838.3,116.1,22.0,13.84,3.86,0.0

20190718:0811,2969.9,368.13,31.01,14.68,4.07,0.0

20190718:0911,1731.4,220.68,39.82,15.5,4.28,0.0

20190718:1011,5207.6,635.9,47.84,16.39,4.34,0.0

20190718:1111,3559.6,437.7,54.23,16.75,4.28,0.0

20190718:1211,1113.2,149.69,57.74,16.98,4.34,0.0

20190718:1311,2440.1,305.92,57.33,17.17,4.21,0.0

20190718:1411,2076.4,263.31,53.15,17.48,4.28,0.0

20190718:1511,4042.4,497.7,46.35,17.56,3.86,0.0

20190718:1611,4074.1,502.64,38.11,17.78,3.72,0.0

20190718:1711,1917.8,246.69,29.23,17.75,3.72,0.0

20190718:1811,1158.9,163.45,20.22,17.45,3.24,0.0

20190718:1911,236.8,43.01,11.48,16.83,2.48,0.0

20190718:2011,0.0,2.53,3.34,16.17,1.86,0.0

20190718:2111,0.0,0.0,0.0,15.37,1.31,0.0

20190718:2211,0.0,0.0,0.0,14.79,1.31,0.0

20190718:2311,0.0,0.0,0.0,14.24,1.17,0.0

20190719:0011,0.0,0.0,0.0,13.78,1.31,0.0

20190719:0111,0.0,0.0,0.0,13.74,1.31,0.0

20190719:0211,0.0,0.0,0.0,13.67,1.52,0.0

20190719:0311,0.0,0.0,0.0,13.5,1.59,0.0

20190719:0411,0.0,0.0,0.0,13.44,1.66,0.0

20190719:0511,23.5,10.96,4.74,13.52,1.93,0.0

20190719:0611,482.1,73.36,13.02,13.69,2.14,0.0

20190719:0711,118.4,26.31,21.85,14.11,1.59,0.0

20190719:0811,202.8,38.1,30.87,14.46,1.79,0.0

20190719:0911,764.9,107.96,39.66,15.02,1.45,0.0

20190719:1011,4737.9,593.14,47.68,16.25,1.17,0.0

20190719:1111,2167.8,275.93,54.05,16.74,1.38,0.0

20190719:1211,5611.5,705.37,57.56,17.77,2.34,0.0

20190719:1311,3110.1,390.6,57.16,18.82,2.76,0.0

20190719:1411,1948.5,251.14,52.99,19.44,3.17,0.0

20190719:1511,3703.0,461.27,46.21,19.69,3.79,0.0

20190719:1611,2371.9,299.17,37.98,18.54,4.14,0.0

20190719:1711,1489.5,195.03,29.1,17.78,4.14,0.0

20190719:1811,394.4,63.51,20.09,17.67,3.38,0.0

20190719:1911,407.4,64.93,11.35,16.82,3.24,0.0

20190719:2011,0.0,5.06,3.21,16.63,3.38,0.0

20190719:2111,0.0,0.0,0.0,16.3,3.59,0.0

20190719:2211,0.0,0.0,0.0,15.73,3.45,0.0

20190719:2311,0.0,0.0,0.0,15.43,3.17,0.0

20190720:0011,0.0,0.0,0.0,15.05,2.9,0.0

20190720:0111,0.0,0.0,0.0,14.69,2.55,0.0

20190720:0211,0.0,0.0,0.0,14.56,2.14,0.0

20190720:0311,0.0,0.0,0.0,14.49,2.83,0.0

20190720:0411,0.0,0.0,0.0,14.33,3.79,0.0

20190720:0511,56.9,16.87,4.58,13.95,4.21,0.0

20190720:0611,196.5,37.1,12.87,13.6,3.93,0.0

20190720:0711,773.2,108.26,21.7,13.58,3.45,0.0

20190720:0811,2143.0,268.3,30.71,13.9,3.52,0.0

20190720:0911,3381.6,412.08,39.51,14.69,4.0,0.0

20190720:1011,1280.4,168.75,47.52,16.0,3.86,0.0

20190720:1111,5812.2,719.22,53.88,16.84,3.52,0.0

20190720:1211,2018.2,257.15,57.37,17.6,3.52,0.0

20190720:1311,3176.7,395.78,56.98,18.3,3.86,0.0

20190720:1411,4472.6,553.87,52.83,18.47,3.79,0.0

20190720:1511,1172.5,157.86,46.06,18.45,3.45,0.0

20190720:1611,1976.3,253.2,37.85,18.44,2.97,0.0

20190720:1711,1632.0,213.32,28.97,18.49,2.9,0.0

20190720:1811,301.0,51.71,19.96,18.25,2.62,0.0

20190720:1911,204.9,38.79,11.21,17.17,1.93,0.0

20190720:2011,0.0,1.69,3.06,16.66,1.72,0.0

20190720:2111,0.0,0.0,0.0,15.9,1.66,0.0

20190720:2211,0.0,0.0,0.0,15.11,1.72,0.0

20190720:2311,0.0,0.0,0.0,14.5,1.72,0.0

20190721:0011,0.0,0.0,0.0,14.14,1.79,0.0

20190721:0111,0.0,0.0,0.0,13.93,1.86,0.0

20190721:0211,0.0,0.0,0.0,13.5,2.0,0.0

20190721:0311,0.0,0.0,0.0,13.34,2.07,0.0

20190721:0411,0.0,0.0,0.0,13.05,2.21,0.0

20190721:0511,83.9,21.08,4.41,13.0,2.34,0.0

20190721:0611,94.8,22.77,12.71,13.38,2.55,0.0

20190721:0711,654.5,94.35,21.55,14.44,2.83,0.0

20190721:0811,711.1,101.61,30.56,16.03,4.41,0.0

20190721:0911,1502.4,195.52,39.35,16.92,3.66,0.0

20190721:1011,1658.2,214.43,47.35,17.8,4.21,0.0

20190721:1111,2325.2,293.55,53.7,18.55,4.9,0.0

20190721:1211,2072.4,263.92,57.19,19.25,6.28,0.0

20190721:1311,3354.5,415.01,56.8,19.17,6.48,0.0

20190721:1411,1467.5,192.33,52.66,18.71,5.72,0.0

20190721:1511,840.4,117.94,45.91,18.27,5.79,0.0

20190721:1611,736.1,105.24,37.71,17.82,6.0,0.0

20190721:1711,484.2,74.39,28.84,16.84,5.03,0.0

20190721:1811,92.5,22.68,19.83,16.71,5.31,0.0

20190721:1911,81.7,21.08,11.07,17.56,5.17,0.0

20190721:2011,0.0,1.69,2.91,18.02,5.17,0.0

20190721:2111,0.0,0.0,0.0,18.18,5.17,0.0

20190721:2211,0.0,0.0,0.0,18.15,5.17,0.0

20190721:2311,0.0,0.0,0.0,18.06,4.97,0.0

20190722:0011,0.0,0.0,0.0,17.97,4.76,0.0

20190722:0111,0.0,0.0,0.0,17.93,4.55,0.0

20190722:0211,0.0,0.0,0.0,17.84,4.41,0.0

20190722:0311,0.0,0.0,0.0,17.52,4.28,0.0

20190722:0411,0.0,0.0,0.0,17.07,4.28,0.0

20190722:0511,76.6,20.24,4.25,16.97,4.34,0.0

20190722:0611,481.5,74.21,12.55,17.19,4.34,0.0

20190722:0711,1383.4,192.94,21.39,17.8,4.69,0.0

20190722:0811,2293.6,290.43,30.4,18.51,6.21,0.0

20190722:0911,2679.6,335.47,39.19,19.7,6.14,0.0

20190722:1011,3784.8,469.8,47.18,20.71,5.72,0.0

20190722:1111,5673.0,709.55,53.51,21.71,5.24,0.0

20190722:1211,6304.4,795.9,56.99,22.62,5.24,0.0

20190722:1311,5151.2,648.06,56.61,23.12,5.31,0.0

20190722:1411,4021.4,505.84,52.49,23.3,5.45,0.0

20190722:1511,4450.5,557.87,45.76,23.25,5.45,0.0

20190722:1611,3966.6,497.93,37.56,22.91,5.24,0.0

20190722:1711,2414.9,313.63,28.69,22.25,4.97,0.0

20190722:1811,964.7,137.73,19.68,21.4,4.62,0.0

20190722:1911,96.8,23.61,10.92,20.01,4.48,0.0

20190722:2011,0.0,1.69,2.76,19.06,4.14,0.0

20190722:2111,0.0,0.0,0.0,18.17,4.0,0.0

20190722:2211,0.0,0.0,0.0,17.88,3.93,0.0

20190722:2311,0.0,0.0,0.0,17.6,3.86,0.0

20190723:0011,0.0,0.0,0.0,17.23,3.93,0.0

20190723:0111,0.0,0.0,0.0,16.96,3.86,0.0

20190723:0211,0.0,0.0,0.0,16.66,3.79,0.0

20190723:0311,0.0,0.0,0.0,16.46,3.72,0.0

20190723:0411,0.0,0.0,0.0,16.27,3.66,0.0

20190723:0511,27.4,11.81,4.07,16.03,3.66,0.0

20190723:0611,348.6,57.34,12.39,16.28,4.9,0.0

20190723:0711,640.2,93.45,21.23,16.87,4.34,0.0

20190723:0811,995.7,136.09,30.24,17.64,5.31,0.0

20190723:0911,1473.1,192.81,39.02,18.41,5.24,0.0

20190723:1011,1033.6,141.53,47.0,19.24,5.24,0.0

20190723:1111,1655.8,215.92,53.32,20.04,5.24,0.0

20190723:1211,1674.6,218.64,56.79,20.49,5.1,0.0

20190723:1311,2190.2,281.13,56.41,21.25,4.83,0.0

20190723:1411,5177.1,650.04,52.31,21.65,4.21,0.0

20190723:1511,5692.3,713.95,45.59,21.86,4.41,0.0

20190723:1611,3659.4,459.15,37.41,22.05,4.76,0.0

20190723:1711,2752.1,357.27,28.55,21.75,4.34,0.0

20190723:1811,1136.8,175.7,19.54,20.96,3.45,0.0

20190723:1911,296.9,51.44,10.77,19.55,2.83,0.0

20190723:2011,0.0,2.53,2.59,18.75,2.76,0.0

20190723:2111,0.0,0.0,0.0,17.84,2.76,0.0

20190723:2211,0.0,0.0,0.0,17.03,2.62,0.0

20190723:2311,0.0,0.0,0.0,16.48,2.69,0.0

20190724:0011,0.0,0.0,0.0,16.3,2.76,0.0

20190724:0111,0.0,0.0,0.0,16.1,2.83,0.0

20190724:0211,0.0,0.0,0.0,15.85,2.83,0.0

20190724:0311,0.0,0.0,0.0,15.66,2.83,0.0

20190724:0411,0.0,0.0,0.0,15.8,2.97,0.0

20190724:0511,61.3,17.71,3.9,15.85,2.76,0.0

20190724:0611,442.3,69.15,12.22,16.34,3.59,0.0

20190724:0711,1255.6,172.98,21.07,16.73,3.03,0.0

20190724:0811,1826.9,234.87,30.08,17.25,3.17,0.0

20190724:0911,2137.3,271.04,38.85,17.73,3.31,0.0

20190724:1011,3779.4,468.42,46.82,18.58,3.66,0.0

20190724:1111,5478.4,681.9,53.13,19.22,3.93,0.0

20190724:1211,5375.1,670.56,56.59,20.12,4.34,0.0

20190724:1311,3438.4,430.38,56.21,20.26,4.21,0.0

20190724:1411,3461.2,432.25,52.12,19.94,4.14,0.0

20190724:1511,1242.2,166.93,45.42,19.91,4.41,0.0

20190724:1611,1328.4,177.12,37.25,19.83,4.34,0.0

20190724:1711,1326.3,177.1,28.39,19.56,3.93,0.0

20190724:1811,978.0,138.93,19.38,19.18,3.45,0.0

20190724:1911,155.1,32.04,10.61,18.47,3.24,0.0

20190724:2011,14.6,9.28,2.43,17.47,2.83,0.0

20190724:2111,0.0,0.0,0.0,16.65,3.1,0.0

20190724:2211,0.0,0.0,0.0,16.21,3.66,0.0

20190724:2311,0.0,0.0,0.0,16.13,4.0,0.0

20190725:0011,0.0,0.0,0.0,16.45,4.21,0.0

20190725:0111,0.0,0.0,0.0,16.86,4.48,0.0

20190725:0211,0.0,0.0,0.0,17.14,4.83,0.0

20190725:0311,0.0,0.0,0.0,17.29,5.03,0.0

20190725:0411,0.0,0.0,0.0,17.35,5.24,0.0

20190725:0511,60.7,17.71,3.72,17.38,5.17,0.0

20190725:0611,27.2,11.81,12.05,17.48,5.03,0.0

20190725:0711,103.9,24.5,20.9,17.73,4.83,0.0

20190725:0811,832.4,117.03,29.91,18.33,5.59,0.0

20190725:0911,641.6,94.35,38.68,19.21,7.31,0.0

20190725:1011,768.7,109.78,46.64,19.39,7.24,0.0

20190725:1111,981.2,135.18,52.93,19.34,6.76,0.0

20190725:1211,1317.2,175.1,56.38,19.57,6.76,0.0

20190725:1311,2340.3,296.12,56.0,20.18,7.38,0.0

20190725:1411,1477.9,195.06,51.93,20.8,6.9,0.0

20190725:1511,2601.8,328.39,45.25,21.43,7.1,0.0

20190725:1611,1607.9,210.95,37.08,21.33,6.41,0.0

20190725:1711,417.3,67.14,28.23,20.84,6.28,0.0

20190725:1811,899.1,128.19,19.22,20.05,6.34,0.0

20190725:1911,291.6,50.6,10.44,19.09,5.38,0.0

20190725:2011,0.0,0.84,2.25,18.29,5.31,0.0

20190725:2111,0.0,0.0,0.0,17.6,5.1,0.0

20190725:2211,0.0,0.0,0.0,17.52,5.31,0.0

20190725:2311,0.0,0.0,0.0,17.32,5.38,0.0

20190726:0011,0.0,0.0,0.0,17.21,5.31,0.0

20190726:0111,0.0,0.0,0.0,17.0,5.03,0.0

20190726:0211,0.0,0.0,0.0,16.7,4.62,0.0

20190726:0311,0.0,0.0,0.0,16.33,4.34,0.0

20190726:0411,0.0,0.0,0.0,16.23,4.21,0.0

20190726:0511,0.0,2.53,3.54,16.18,4.07,0.0

20190726:0611,395.3,63.24,11.88,16.16,3.38,0.0

20190726:0711,1113.4,152.62,20.73,16.49,4.14,0.0

20190726:0811,1082.5,146.13,29.74,17.03,4.28,0.0

20190726:0911,2981.8,369.64,38.51,17.76,4.41,0.0

20190726:1011,3253.1,403.22,46.45,18.51,4.62,0.0

20190726:1111,3664.0,455.02,52.73,19.19,4.34,0.0

20190726:1211,2857.1,357.74,56.16,18.87,4.34,0.0

20190726:1311,1784.2,230.44,55.79,18.79,4.0,0.0

20190726:1411,5555.5,693.07,51.73,19.26,3.72,0.0

20190726:1511,4539.8,564.3,45.07,19.18,3.38,0.0

20190726:1611,4467.8,557.67,36.91,19.34,2.97,0.0

20190726:1711,2168.3,279.91,28.07,18.68,2.55,0.0

20190726:1811,1103.7,158.12,19.05,17.69,2.97,0.0

20190726:1911,333.0,55.66,10.27,17.21,1.93,0.0

20190726:2011,0.0,0.0,0.0,16.37,1.45,0.0

20190726:2111,0.0,0.0,0.0,15.99,1.31,0.0

20190726:2211,0.0,0.0,0.0,15.46,1.38,0.0

20190726:2311,0.0,0.0,0.0,15.23,1.59,0.0

20190727:0011,0.0,0.0,0.0,14.71,1.72,0.0

20190727:0111,0.0,0.0,0.0,14.18,1.59,0.0

20190727:0211,0.0,0.0,0.0,13.51,1.45,0.0

20190727:0311,0.0,0.0,0.0,12.94,1.45,0.0

20190727:0411,0.0,0.0,0.0,12.5,1.45,0.0

20190727:0511,47.3,15.18,3.36,11.98,1.45,0.0

20190727:0611,443.5,68.3,11.7,12.26,1.24,0.0

20190727:0711,1450.5,214.27,20.56,13.22,1.59,0.0

20190727:0811,3389.9,424.31,29.57,14.23,2.07,0.0

20190727:0911,4758.9,585.64,38.33,15.32,2.28,0.0

20190727:1011,5480.0,679.1,46.26,16.32,2.55,0.0

20190727:1111,4165.3,517.0,52.52,17.37,2.62,0.0

20190727:1211,5304.2,663.76,55.94,17.94,2.62,0.0

20190727:1311,2995.1,375.74,55.57,18.2,2.62,0.0

20190727:1411,4254.5,531.03,51.53,18.46,2.55,0.0

20190727:1511,4142.6,516.14,44.88,18.27,2.41,0.0

20190727:1611,3774.4,471.15,36.74,18.26,2.28,0.0

20190727:1711,2339.0,301.25,27.9,18.31,2.28,0.0

20190727:1811,1075.1,154.38,18.88,18.12,2.0,0.0

20190727:1911,306.6,52.28,10.1,17.46,2.62,0.0

20190727:2011,0.0,0.0,0.0,16.46,2.69,0.0

20190727:2111,0.0,0.0,0.0,15.42,2.48,0.0

20190727:2211,0.0,0.0,0.0,14.93,2.28,0.0

20190727:2311,0.0,0.0,0.0,14.33,2.07,0.0

20190728:0011,0.0,0.0,0.0,13.92,2.07,0.0

20190728:0111,0.0,0.0,0.0,13.42,2.07,0.0

20190728:0211,0.0,0.0,0.0,13.02,2.0,0.0

20190728:0311,0.0,0.0,0.0,12.58,2.0,0.0

20190728:0411,0.0,0.0,0.0,12.13,1.93,0.0

20190728:0511,23.8,10.96,3.17,11.85,1.93,0.0

20190728:0611,341.7,55.66,11.52,12.19,2.0,0.0

20190728:0711,786.1,109.84,20.38,13.06,2.34,0.0

20190728:0811,1664.3,212.5,29.4,13.77,2.62,0.0

20190728:0911,1605.9,206.11,38.15,14.78,2.76,0.0

20190728:1011,1218.7,161.49,46.07,15.6,2.97,0.0

20190728:1111,3868.5,476.61,52.31,16.31,3.03,0.0

20190728:1211,3483.5,432.55,55.71,17.15,2.83,0.0

20190728:1311,4040.7,502.09,55.35,17.24,2.48,0.0

20190728:1411,3866.1,480.53,51.32,17.26,2.34,0.0

20190728:1511,2615.0,328.56,44.69,17.34,2.28,0.0

20190728:1611,2176.4,276.22,36.56,17.19,2.07,0.0

20190728:1711,977.5,134.3,27.72,17.19,2.0,0.0

20190728:1811,920.6,130.24,18.71,17.09,1.86,0.0

20190728:1911,132.5,28.67,9.91,17.08,1.59,0.0

20190728:2011,0.0,0.0,0.0,16.35,1.45,0.0

20190728:2111,0.0,0.0,0.0,15.5,1.52,0.0

20190728:2211,0.0,0.0,0.0,15.08,1.59,0.0

20190728:2311,0.0,0.0,0.0,14.62,1.52,0.0

20190729:0011,0.0,0.0,0.0,14.23,1.45,0.0

20190729:0111,0.0,0.0,0.0,13.81,1.31,0.0

20190729:0211,0.0,0.0,0.0,13.24,1.31,0.0

20190729:0311,0.0,0.0,0.0,12.84,1.31,0.0

20190729:0411,0.0,0.0,0.0,12.46,1.31,0.0

20190729:0511,23.7,10.96,2.98,12.23,1.24,0.0

20190729:0611,408.4,64.09,11.34,12.55,1.03,0.0

20190729:0711,1409.0,207.74,20.21,13.66,0.69,0.0

20190729:0811,3272.9,415.28,29.22,14.94,0.76,0.0

20190729:0911,4222.6,530.14,37.96,16.07,0.55,0.0

20190729:1011,4750.9,600.62,45.87,17.13,0.76,0.0

20190729:1111,4690.1,594.0,52.09,17.75,0.97,0.0

20190729:1211,2294.8,293.08,55.48,17.88,1.17,0.0

20190729:1311,4435.3,562.6,55.12,18.26,0.97,0.0

20190729:1411,1867.5,242.15,51.1,18.38,1.03,0.0

20190729:1511,693.1,100.7,44.49,18.09,1.1,0.0

20190729:1611,710.2,102.52,36.37,17.52,1.24,0.0

20190729:1711,415.8,66.23,27.54,17.27,0.97,0.0

20190729:1811,86.3,21.77,18.52,17.13,0.83,0.0

20190729:1911,144.8,30.36,9.72,16.28,0.69,0.0

20190729:2011,0.0,0.0,0.0,15.78,0.76,0.0

20190729:2111,0.0,0.0,0.0,15.03,1.52,0.0

20190729:2211,0.0,0.0,0.0,14.21,2.0,0.0

20190729:2311,0.0,0.0,0.0,14.24,2.34,0.0

20190730:0011,0.0,0.0,0.0,14.16,2.41,0.0

20190730:0111,0.0,0.0,0.0,14.0,2.48,0.0

20190730:0211,0.0,0.0,0.0,13.73,2.55,0.0

20190730:0311,0.0,0.0,0.0,13.62,2.69,0.0

20190730:0411,0.0,0.0,0.0,13.3,2.76,0.0

20190730:0511,0.0,1.69,2.79,13.03,2.9,0.0

20190730:0611,129.7,27.83,11.16,13.07,2.9,0.0

20190730:0711,197.0,37.2,20.03,13.78,3.24,0.0

20190730:0811,497.5,75.3,29.04,14.32,4.07,0.0

20190730:0911,399.7,63.51,37.78,15.11,3.66,0.0

20190730:1011,778.3,109.78,45.67,16.17,3.52,0.0

20190730:1111,1144.7,153.32,51.87,16.69,3.79,0.0

20190730:1211,769.8,108.87,55.25,16.61,4.41,0.0

20190730:1311,2253.4,283.55,54.88,17.03,4.34,0.0

20190730:1411,1475.9,192.33,50.88,17.09,4.41,0.0

20190730:1511,3614.0,443.86,44.28,17.25,4.34,0.0

20190730:1611,2990.6,369.86,36.17,17.23,4.34,0.0

20190730:1711,1705.9,220.74,27.35,17.4,4.41,0.0

20190730:1811,875.7,124.42,18.33,17.17,4.28,0.0

20190730:1911,309.4,52.28,9.53,15.9,4.0,0.0

20190730:2011,0.0,0.0,0.0,15.5,3.72,0.0

20190730:2111,0.0,0.0,0.0,15.21,3.45,0.0

20190730:2211,0.0,0.0,0.0,14.9,3.31,0.0

20190730:2311,0.0,0.0,0.0,14.5,3.17,0.0